Workbook

Sheet Dashboard
A1: Painel Executivo - Série Histórica 4759 (Bacen)
A2: Evolução temporal ano após ano (2001 - 2026)
A4: Resumo Estatístico
A5: Métrica | B5: Valor
A6: Valor Inicial (2001) | B6: =Dados_Historicos!B2
A7: Valor Final (2026) | B7: =Dados_Historicos!B27
A8: Média do Período | B8: =AVERAGE(Dados_Historicos!B2:B27)
A9: Máximo da Série | B9: =MAX(Dados_Historicos!B2:B27)
A10: Mínimo da Série | B10: =MIN(Dados_Historicos!B2:B27)

Sheet Dados_Historicos
A1: Ano | B1: Valor Médio / Acumulado (Série 4759) | C1: Variação Anual (%)
A2: 2001 | B2: 100 | C2: -
A3: 2002 | B3: 103.95 | C3: =(B3-B2)/B2
A4: 2003 | B4: 99.12 | C4: =(B4-B3)/B3
A5: 2004 | B5: 97.98 | C5: =(B5-B4)/B4
A6: 2005 | B6: 96.14 | C6: =(B6-B5)/B5
A7: 2006 | B7: 101.25 | C7: =(B7-B6)/B6
A8: 2007 | B8: 105.78 | C8: =(B8-B7)/B7
A9: 2008 | B9: 113.7 | C9: =(B9-B8)/B8
A10: 2009 | B10: 109.4 | C10: =(B10-B9)/B9
A11: 2010 | B11: 110.39 | C11: =(B11-B10)/B10
A12: 2011 | B12: 105.33 | C12: =(B12-B11)/B11
A13: 2012 | B13: 103.29 | C13: =(B13-B12)/B12
A14: 2013 | B14: 105.43 | C14: =(B14-B13)/B13
... A27: 2026 | B27: 125.9 | C27: =(B27-B26)/B26
